<?xml version="1.0" encoding="UTF-8" ?>
<configuration debug="true">
  <!-- 参考: qiita.com/rubytomato@github/items/93770f827e46cc7e684f -->

  <property name="LOG_DIR" value="logs" />
  <timestamp key="FILE_NAME" datePattern="yyyyMMdd-HHmmss"/>

  <appender name="STDOUT" class="ch.qos.logback.core.ConsoleAppender">
    <target>System.out</target>
    <encoder>
      <pattern>%-5r %d{yyyy-MM-dd HH:mm:ss} %highlight(%-5le) %cyan(%-5lo) - %green(%msg) [%file:%line] %n</pattern>
    </encoder>
    <withJasi>false</withJasi>
  </appender>

  <appender name="STDERR" class="ch.qos.logback.core.ConsoleAppender">
    <target>System.err</target>
    <encoder>
      <pattern>%-5r %d{yyyy-MM-dd HH:mm:ss} %highlight(%-5le) %red(%-40.40lo{36}) - %red(%msg) [%file:%line] %n</pattern>
    </encoder>
    <withJasi>false</withJasi>
    <filter class="ch.qos.logback.classic.filter.ThresholdFilter">
      <level>ERROR</level>
    </filter>
  </appender>


  <appender name="FILE" class="ch.qos.logback.core.FileAppender">
    <file>${LOG_DIR}/${FILE_NAME}.log</file>
    <encoder>
      <charset>UTF-8</charset>
      <pattern>%d{yyyy-MM-dd HH:mm:ss} %msg%n</pattern>
    </encoder>
  </appender>


  <root level="DEBUG">
    <appender-ref ref="STDERR" />
  </root>
  <logger name="console" level="DEBUG">
    <appender-ref ref="STDOUT" />
  </logger>
  <logger name="file" level="DEBUG">
    <appender-ref ref="FILE" />
  </logger>
</configuration>
